{"cameraMode":{"drawMode":0,"name":"Shaded","section":"Shading Mode"},"sceneLighting":false,"audioPlay":false,"sceneViewState":{"showFog":true,"showMaterialUpdate":false,"showSkybox":false,"showFlares":true,"showImageEffects":true,"showParticleSystems":true},"in2DMode":false,"pivot":{"x":1.7185425758361817,"y":0.5200002193450928,"z":-4.763227462768555},"rotation":{"x":0.2784756124019623,"y":-0.06620477885007858,"z":0.019245320931077005,"w":0.9579660296440125},"size":0.6468384861946106,"orthographic":false}